<BackupInst xmlns="http://www.microsoft.com/GroupPolicy/GPOOperations/Manifest"><GPOGuid><![CDATA[{25E0BC2C-D042-4B03-B577-2D70E9BE3093}]]></GPOGuid><GPODomain><![CDATA[contoso.lab]]></GPODomain><GPODomainGuid><![CDATA[{9cda9e07-d1bc-4d3f-b187-a7fca8e64c0a}]]></GPODomainGuid><GPODomainController><![CDATA[DC1.contoso.lab]]></GPODomainController><BackupTime><![CDATA[2018-07-02T21:03:51]]></BackupTime><ID><![CDATA[{18B7A6EC-98CE-403F-900F-3262342CC9B3}]]></ID><Comment><![CDATA[]]></Comment><GPODisplayName><![CDATA[Windows 10 and Server 2016 - Credential Guard]]></GPODisplayName></BackupInst>
