<BackupInst xmlns="http://www.microsoft.com/GroupPolicy/GPOOperations/Manifest"><GPOGuid><![CDATA[{25E0BC2C-D042-4B03-B577-2D70E9BE3093}]]></GPOGuid><GPODomain><![CDATA[contoso.lab]]></GPODomain><GPODomainGuid><![CDATA[{9cda9e07-d1bc-4d3f-b187-a7fca8e64c0a}]]></GPODomainGuid><GPODomainController><![CDATA[DC1.contoso.lab]]></GPODomainController><BackupTime><![CDATA[2018-07-02T21:43:49]]></BackupTime><ID><![CDATA[{E34AA641-B4DA-4648-BBBF-BC17DE18D9F0}]]></ID><Comment><![CDATA[]]></Comment><GPODisplayName><![CDATA[Windows 10 and Server 2016 - Credential Guard]]></GPODisplayName></BackupInst>
