<BackupInst xmlns="http://www.microsoft.com/GroupPolicy/GPOOperations/Manifest"><GPOGuid><![CDATA[{AD252D73-0BC6-4E3D-AFB8-E4C50E685A64}]]></GPOGuid><GPODomain><![CDATA[contoso.lab]]></GPODomain><GPODomainGuid><![CDATA[{9cda9e07-d1bc-4d3f-b187-a7fca8e64c0a}]]></GPODomainGuid><GPODomainController><![CDATA[DC1.contoso.lab]]></GPODomainController><BackupTime><![CDATA[2018-07-02T21:04:01]]></BackupTime><ID><![CDATA[{12E036BB-E100-4A8A-AFA6-2AC372918FF2}]]></ID><Comment><![CDATA[]]></Comment><GPODisplayName><![CDATA[Internet Explorer 11 - Computer]]></GPODisplayName></BackupInst>
