<BackupInst xmlns="http://www.microsoft.com/GroupPolicy/GPOOperations/Manifest"><GPOGuid><![CDATA[{891D68B5-C519-40A1-9D66-5655B225297F}]]></GPOGuid><GPODomain><![CDATA[contoso.lab]]></GPODomain><GPODomainGuid><![CDATA[{9cda9e07-d1bc-4d3f-b187-a7fca8e64c0a}]]></GPODomainGuid><GPODomainController><![CDATA[DC1.contoso.lab]]></GPODomainController><BackupTime><![CDATA[2018-07-02T21:42:26]]></BackupTime><ID><![CDATA[{AF45FC7D-8A33-4E04-981D-24705FAE6014}]]></ID><Comment><![CDATA[]]></Comment><GPODisplayName><![CDATA[Windows 10 RS4 - Computer]]></GPODisplayName></BackupInst>
