<Backups xmlns="http://www.microsoft.com/GroupPolicy/GPOOperations/Manifest" xmlns:mfst="http://www.microsoft.com/GroupPolicy/GPOOperations/Manifest" mfst:version="1.0"><BackupInst><GPOGuid><![CDATA[{AD252D73-0BC6-4E3D-AFB8-E4C50E685A64}]]></GPOGuid><GPODomain><![CDATA[contoso.lab]]></GPODomain><GPODomainGuid><![CDATA[{9cda9e07-d1bc-4d3f-b187-a7fca8e64c0a}]]></GPODomainGuid><GPODomainController><![CDATA[DC1.contoso.lab]]></GPODomainController><BackupTime><![CDATA[2018-07-02T21:44:05]]></BackupTime><ID><![CDATA[{694539B4-F8C6-4E80-9612-B20835A28CEA}]]></ID><Comment><![CDATA[]]></Comment><GPODisplayName><![CDATA[Internet Explorer 11 - Computer]]></GPODisplayName></BackupInst><BackupInst><GPOGuid><![CDATA[{25E0BC2C-D042-4B03-B577-2D70E9BE3093}]]></GPOGuid><GPODomain><![CDATA[contoso.lab]]></GPODomain><GPODomainGuid><![CDATA[{9cda9e07-d1bc-4d3f-b187-a7fca8e64c0a}]]></GPODomainGuid><GPODomainController><![CDATA[DC1.contoso.lab]]></GPODomainController><BackupTime><![CDATA[2018-07-02T21:43:49]]></BackupTime><ID><![CDATA[{E34AA641-B4DA-4648-BBBF-BC17DE18D9F0}]]></ID><Comment><![CDATA[]]></Comment><GPODisplayName><![CDATA[Windows 10 and Server 2016 - Credential Guard]]></GPODisplayName></BackupInst><BackupInst><GPOGuid><![CDATA[{E47D0764-6DAB-415F-99F5-8AA54ED99EA6}]]></GPOGuid><GPODomain><![CDATA[contoso.lab]]></GPODomain><GPODomainGuid><![CDATA[{9cda9e07-d1bc-4d3f-b187-a7fca8e64c0a}]]></GPODomainGuid><GPODomainController><![CDATA[DC1.contoso.lab]]></GPODomainController><BackupTime><![CDATA[2018-07-02T21:43:33]]></BackupTime><ID><![CDATA[{06534AE0-B10B-4DE2-9F29-BF4C2D8C5DD0}]]></ID><Comment><![CDATA[]]></Comment><GPODisplayName><![CDATA[Windows 10 RS4 Virtual Smart Card Policies]]></GPODisplayName></BackupInst><BackupInst><GPOGuid><![CDATA[{F8C404EC-10AF-4086-9F6D-5CC10036D052}]]></GPOGuid><GPODomain><![CDATA[contoso.lab]]></GPODomain><GPODomainGuid><![CDATA[{9cda9e07-d1bc-4d3f-b187-a7fca8e64c0a}]]></GPODomainGuid><GPODomainController><![CDATA[DC1.contoso.lab]]></GPODomainController><BackupTime><![CDATA[2018-07-02T21:43:16]]></BackupTime><ID><![CDATA[{F555F13F-F363-4E44-9F01-6A5F98548483}]]></ID><Comment><![CDATA[]]></Comment><GPODisplayName><![CDATA[Windows 10 RS4 - Defender Antivirus]]></GPODisplayName></BackupInst><BackupInst><GPOGuid><![CDATA[{E14A04D6-034C-4B77-9D8C-CE9366F12A35}]]></GPOGuid><GPODomain><![CDATA[contoso.lab]]></GPODomain><GPODomainGuid><![CDATA[{9cda9e07-d1bc-4d3f-b187-a7fca8e64c0a}]]></GPODomainGuid><GPODomainController><![CDATA[DC1.contoso.lab]]></GPODomainController><BackupTime><![CDATA[2018-07-02T21:43:00]]></BackupTime><ID><![CDATA[{48B6A0BB-E928-4B13-9A0C-830972710702}]]></ID><Comment><![CDATA[]]></Comment><GPODisplayName><![CDATA[Windows 10 RS4 - BitLocker]]></GPODisplayName></BackupInst><BackupInst><GPOGuid><![CDATA[{891D68B5-C519-40A1-9D66-5655B225297F}]]></GPOGuid><GPODomain><![CDATA[contoso.lab]]></GPODomain><GPODomainGuid><![CDATA[{9cda9e07-d1bc-4d3f-b187-a7fca8e64c0a}]]></GPODomainGuid><GPODomainController><![CDATA[DC1.contoso.lab]]></GPODomainController><BackupTime><![CDATA[2018-07-02T21:42:26]]></BackupTime><ID><![CDATA[{AF45FC7D-8A33-4E04-981D-24705FAE6014}]]></ID><Comment><![CDATA[]]></Comment><GPODisplayName><![CDATA[Windows 10 RS4 - Computer]]></GPODisplayName></BackupInst></Backups>