<BackupInst xmlns="http://www.microsoft.com/GroupPolicy/GPOOperations/Manifest"><GPOGuid><![CDATA[{3BB6E29A-B1D9-4ACC-A126-43B18A3C49FD}]]></GPOGuid><GPODomain><![CDATA[contoso.lab]]></GPODomain><GPODomainGuid><![CDATA[{9cda9e07-d1bc-4d3f-b187-a7fca8e64c0a}]]></GPODomainGuid><GPODomainController><![CDATA[DC1.contoso.lab]]></GPODomainController><BackupTime><![CDATA[2018-07-04T12:52:19]]></BackupTime><ID><![CDATA[{D39A8A01-FDB8-436F-9207-595AEC274894}]]></ID><Comment><![CDATA[]]></Comment><GPODisplayName><![CDATA[SCM Windows Server 2016 - Member Server Windows Defender]]></GPODisplayName></BackupInst>
