<BackupInst xmlns="http://www.microsoft.com/GroupPolicy/GPOOperations/Manifest"><GPOGuid><![CDATA[{AD252D73-0BC6-4E3D-AFB8-E4C50E685A64}]]></GPOGuid><GPODomain><![CDATA[contoso.lab]]></GPODomain><GPODomainGuid><![CDATA[{9cda9e07-d1bc-4d3f-b187-a7fca8e64c0a}]]></GPODomainGuid><GPODomainController><![CDATA[DC1.contoso.lab]]></GPODomainController><BackupTime><![CDATA[2018-07-04T12:52:43]]></BackupTime><ID><![CDATA[{DF0CC76A-1A14-4CCE-A861-45824B93B1FC}]]></ID><Comment><![CDATA[]]></Comment><GPODisplayName><![CDATA[Internet Explorer 11 - Computer]]></GPODisplayName></BackupInst>
