<?xml version="1.0" encoding="utf-8"?>
<RegistrySettings clsid="{A3CCFC41-DFDB-43a5-8D26-0FE8B954DA51}"><Registry clsid="{9CD4B2F4-923D-47f5-A062-E897DD1DAD50}" name="NodeType" status="NodeType" image="10" changed="2018-07-02 21:32:38" uid="{D66E94AD-3E90-4AB9-8A41-708D6B912B2E}"><Properties action="C" displayDecimal="0" default="0" hive="HKEY_LOCAL_MACHINE" key="SYSTEM\CurrentControlSet\Services\NetBT\Parameters" name="NodeType" type="REG_DWORD" value="00000002"/></Registry>
	<Registry clsid="{9CD4B2F4-923D-47f5-A062-E897DD1DAD50}" name="FeatureSettingsOverride" status="FeatureSettingsOverride" image="10" changed="2018-07-02 21:40:17" uid="{E23B22A6-C6C8-4518-87B6-9BD9E6AF582A}"><Properties action="C" displayDecimal="0" default="0" hive="HKEY_LOCAL_MACHINE" key="SYSTEM\CurrentControlSet\Control\Session Manager\Memory Management" name="FeatureSettingsOverride" type="REG_DWORD" value="00000008"/></Registry>
	<Registry clsid="{9CD4B2F4-923D-47f5-A062-E897DD1DAD50}" name="FeatureSettingsOverrideMask" status="FeatureSettingsOverrideMask" image="10" changed="2018-07-02 21:41:17" uid="{1BC1FDFF-50AA-435A-87B2-E59CAE200AE5}"><Properties action="C" displayDecimal="0" default="0" hive="HKEY_LOCAL_MACHINE" key="SYSTEM\CurrentControlSet\Control\Session Manager\Memory Management" name="FeatureSettingsOverrideMask" type="REG_DWORD" value="00000003"/></Registry>
</RegistrySettings>
