<?xml version="1.0" encoding="utf-8"?>
<RegistrySettings clsid="{A3CCFC41-DFDB-43a5-8D26-0FE8B954DA51}"><Registry clsid="{9CD4B2F4-923D-47f5-A062-E897DD1DAD50}" name="NodeType" status="NodeType" image="10" changed="2018-07-04 12:27:35" uid="{95CE2E1E-2C6D-44E1-8699-830E8287E6F0}"><Properties action="C" displayDecimal="0" default="0" hive="HKEY_LOCAL_MACHINE" key="SYSTEM\CurrentControlSet\Services\NetBT\Parameters" name="NodeType" type="REG_DWORD" value="00000002"/></Registry>
	<Registry clsid="{9CD4B2F4-923D-47f5-A062-E897DD1DAD50}" name="FeatureSettingsOverride" status="FeatureSettingsOverride" image="10" changed="2018-07-04 12:40:25" uid="{E425BA52-9756-42BB-804D-A2EE177C3210}"><Properties action="C" displayDecimal="0" default="0" hive="HKEY_LOCAL_MACHINE" key="SYSTEM\CurrentControlSet\Control\Session Manager\Memory Management" name="FeatureSettingsOverride" type="REG_DWORD" value="00000008"/></Registry>
	<Registry clsid="{9CD4B2F4-923D-47f5-A062-E897DD1DAD50}" name="FeatureSettingsOverrideMask" status="FeatureSettingsOverrideMask" image="10" changed="2018-07-04 12:41:16" uid="{D7CB290E-5CDB-4124-A0ED-FB895E2192C8}"><Properties action="C" displayDecimal="0" default="0" hive="HKEY_LOCAL_MACHINE" key="SYSTEM\CurrentControlSet\Control\Session Manager\Memory Management" name="FeatureSettingsOverrideMask" type="REG_DWORD" value="00000003"/></Registry>
</RegistrySettings>
