<BackupInst xmlns="http://www.microsoft.com/GroupPolicy/GPOOperations/Manifest"><GPOGuid><![CDATA[{E47D0764-6DAB-415F-99F5-8AA54ED99EA6}]]></GPOGuid><GPODomain><![CDATA[contoso.lab]]></GPODomain><GPODomainGuid><![CDATA[{9cda9e07-d1bc-4d3f-b187-a7fca8e64c0a}]]></GPODomainGuid><GPODomainController><![CDATA[DC1.contoso.lab]]></GPODomainController><BackupTime><![CDATA[2018-07-02T21:04:13]]></BackupTime><ID><![CDATA[{8896543D-D169-4DF4-9C7F-214CDD7C10C7}]]></ID><Comment><![CDATA[]]></Comment><GPODisplayName><![CDATA[Windows 10 RS4 Virtual Smart Card Policies]]></GPODisplayName></BackupInst>
