<BackupInst xmlns="http://www.microsoft.com/GroupPolicy/GPOOperations/Manifest"><GPOGuid><![CDATA[{76FAFFD4-C6BF-4FD5-8FC8-1A0511CDFFA0}]]></GPOGuid><GPODomain><![CDATA[contoso.lab]]></GPODomain><GPODomainGuid><![CDATA[{9cda9e07-d1bc-4d3f-b187-a7fca8e64c0a}]]></GPODomainGuid><GPODomainController><![CDATA[DC1.contoso.lab]]></GPODomainController><BackupTime><![CDATA[2018-07-04T12:51:56]]></BackupTime><ID><![CDATA[{59595063-B5C8-45E3-863A-8F692D18931F}]]></ID><Comment><![CDATA[]]></Comment><GPODisplayName><![CDATA[SCM Windows Server 2016 - Member Server Baseline - Computer]]></GPODisplayName></BackupInst>
