<BackupInst xmlns="http://www.microsoft.com/GroupPolicy/GPOOperations/Manifest"><GPOGuid><![CDATA[{F8C404EC-10AF-4086-9F6D-5CC10036D052}]]></GPOGuid><GPODomain><![CDATA[contoso.lab]]></GPODomain><GPODomainGuid><![CDATA[{9cda9e07-d1bc-4d3f-b187-a7fca8e64c0a}]]></GPODomainGuid><GPODomainController><![CDATA[DC1.contoso.lab]]></GPODomainController><BackupTime><![CDATA[2018-07-02T21:43:16]]></BackupTime><ID><![CDATA[{F555F13F-F363-4E44-9F01-6A5F98548483}]]></ID><Comment><![CDATA[]]></Comment><GPODisplayName><![CDATA[Windows 10 RS4 - Defender Antivirus]]></GPODisplayName></BackupInst>
