<Backups xmlns="http://www.microsoft.com/GroupPolicy/GPOOperations/Manifest" xmlns:mfst="http://www.microsoft.com/GroupPolicy/GPOOperations/Manifest" mfst:version="1.0"><BackupInst><GPOGuid><![CDATA[{AD252D73-0BC6-4E3D-AFB8-E4C50E685A64}]]></GPOGuid><GPODomain><![CDATA[contoso.lab]]></GPODomain><GPODomainGuid><![CDATA[{9cda9e07-d1bc-4d3f-b187-a7fca8e64c0a}]]></GPODomainGuid><GPODomainController><![CDATA[DC1.contoso.lab]]></GPODomainController><BackupTime><![CDATA[2018-07-04T12:52:43]]></BackupTime><ID><![CDATA[{DF0CC76A-1A14-4CCE-A861-45824B93B1FC}]]></ID><Comment><![CDATA[]]></Comment><GPODisplayName><![CDATA[Internet Explorer 11 - Computer]]></GPODisplayName></BackupInst><BackupInst><GPOGuid><![CDATA[{25E0BC2C-D042-4B03-B577-2D70E9BE3093}]]></GPOGuid><GPODomain><![CDATA[contoso.lab]]></GPODomain><GPODomainGuid><![CDATA[{9cda9e07-d1bc-4d3f-b187-a7fca8e64c0a}]]></GPODomainGuid><GPODomainController><![CDATA[DC1.contoso.lab]]></GPODomainController><BackupTime><![CDATA[2018-07-04T12:52:33]]></BackupTime><ID><![CDATA[{0E016A27-3D4D-4119-977B-B27542008D1B}]]></ID><Comment><![CDATA[]]></Comment><GPODisplayName><![CDATA[Windows 10 and Server 2016 - Credential Guard]]></GPODisplayName></BackupInst><BackupInst><GPOGuid><![CDATA[{3BB6E29A-B1D9-4ACC-A126-43B18A3C49FD}]]></GPOGuid><GPODomain><![CDATA[contoso.lab]]></GPODomain><GPODomainGuid><![CDATA[{9cda9e07-d1bc-4d3f-b187-a7fca8e64c0a}]]></GPODomainGuid><GPODomainController><![CDATA[DC1.contoso.lab]]></GPODomainController><BackupTime><![CDATA[2018-07-04T12:52:19]]></BackupTime><ID><![CDATA[{D39A8A01-FDB8-436F-9207-595AEC274894}]]></ID><Comment><![CDATA[]]></Comment><GPODisplayName><![CDATA[SCM Windows Server 2016 - Member Server Windows Defender]]></GPODisplayName></BackupInst><BackupInst><GPOGuid><![CDATA[{76FAFFD4-C6BF-4FD5-8FC8-1A0511CDFFA0}]]></GPOGuid><GPODomain><![CDATA[contoso.lab]]></GPODomain><GPODomainGuid><![CDATA[{9cda9e07-d1bc-4d3f-b187-a7fca8e64c0a}]]></GPODomainGuid><GPODomainController><![CDATA[DC1.contoso.lab]]></GPODomainController><BackupTime><![CDATA[2018-07-04T12:51:56]]></BackupTime><ID><![CDATA[{59595063-B5C8-45E3-863A-8F692D18931F}]]></ID><Comment><![CDATA[]]></Comment><GPODisplayName><![CDATA[SCM Windows Server 2016 - Member Server Baseline - Computer]]></GPODisplayName></BackupInst></Backups>